"Função heurística: div(cost,mul(area,degree))",Reloads,FoldedReloads,ZeroCostFoldedReloads,Spills,FoldedSpills,Copies,ReloadsCost,FoldedReloadsCost,SpillsCost,FoldedSpillsCost,CopiesCost
function@_ZN11TimeControlC2Eiiii,0,0,0,0,0,2,0,0,0,0,2
function@_ZN11TimeControl13set_boardsizeEi,0,0,0,0,0,0,0,0,0,0,0
function@_ZN11TimeControl5startEi,0,0,0,0,0,2,0,0,0,0,2
function@_ZN11TimeControl4stopEi,0,0,0,0,0,2,0,0,0,0,2
function@_ZN11TimeControl12time_forfeitEi,0,0,0,0,0,1,0,0,0,0,0.764706
function@_ZN11TimeControl13display_timesEv,0,0,0,0,0,3,0,0,0,0,3
function@_ZN11TimeControl17max_time_for_moveEi,0,0,0,0,0,0,0,0,0,0,0
function@_ZN11TimeControl11adjust_timeEiii,0,0,0,0,0,0,0,0,0,0,0
function@_ZN11TimeControl12get_maintimeEv,0,0,0,0,0,0,0,0,0,0,0
function@_ZN11TimeControl18get_remaining_timeEi,0,0,0,0,0,0,0,0,0,0,0
function@_ZN9SGFParser14chop_from_fileENSt7__cxx1112basic_stringIcSt11char_traitsIcESaIcEEEi,2,0,0,1,0,13,0.014718,0,1,0,12.7938
function@_ZN9SGFParser19parse_property_nameERNSt7__cxx1119basic_istringstreamIcSt11char_traitsIcESaIcEEE,0,0,0,0,0,11,0,0,0,0,50.745
function@_ZN9SGFParser20parse_property_valueERNSt7__cxx1119basic_istringstreamIcSt11char_traitsIcESaIcEEERNS0_12basic_stringIcS3_S4_EE,0,0,0,0,0,11,0,0,0,0,40.746
function@_ZN9SGFParser5parseERNSt7__cxx1119basic_istringstreamIcSt11char_traitsIcESaIcEEEP7SGFTree,7,0,0,8,0,50,8.30283,0,1.88689,0,371.942
function@_ZN7SGFTreeC2ERKS_,0,0,0,0,0,17,0,0,0,0,46.2376
function@_ZN7SGFTreeD2Ev,0,0,0,0,0,3,0,0,0,0,21.625
function@_ZNSt8auto_ptrI7SGFTreeED2Ev,0,0,0,0,0,3,0,0,0,0,13.5156
function@_ZN9SGFParser19count_games_in_fileENSt7__cxx1112basic_stringIcSt11char_traitsIcESaIcEEE,0,0,0,0,0,8,0,0,0,0,3.00038
function@_ZN7KoStateC2ERKS_,0,0,0,0,0,23,0,0,0,0,14.8663
function@_ZNSt6vectorI7SGFTreeSaIS0_EED2Ev,0,0,0,0,0,3,0,0,0,0,21.9048
function@_ZN7KoStateD2Ev,0,0,0,0,0,1,0,0,0,0,1
function@__clang_call_terminate,0,0,0,0,0,0,0,0,0,0,0
function@_ZSt16__do_uninit_copyIN9__gnu_cxx17__normal_iteratorIPK7SGFTreeSt6vectorIS2_SaIS2_EEEEPS2_ET0_T_SB_SA_,0,0,0,0,0,27,0,0,0,0,4157.43
function@_ZSt8_DestroyI7SGFTreeEvPT_,0,0,0,0,0,3,0,0,0,0,21.625
function@_ZNSt8_Rb_treeINSt7__cxx1112basic_stringIcSt11char_traitsIcESaIcEEESt4pairIKS5_S5_ESt10_Select1stIS8_ESt4lessIS5_ESaIS8_EE7_M_copyILb0ENSE_11_Alloc_nodeEEEPSt13_Rb_tree_nodeIS8_ESJ_PSt18_Rb_tree_node_baseRT0_,0,0,0,0,0,27,0,0,0,0,86.9939
function@_ZNSt8_Rb_treeINSt7__cxx1112basic_stringIcSt11char_traitsIcESaIcEEESt4pairIKS5_S5_ESt10_Select1stIS8_ESt4lessIS5_ESaIS8_EE8_M_eraseEPSt13_Rb_tree_nodeIS8_E,0,0,0,0,0,5,0,0,0,0,65.75
function@_ZNSt4pairIKNSt7__cxx1112basic_stringIcSt11char_traitsIcESaIcEEES5_EC2ERKS7_,0,0,0,0,0,15,0,0,0,0,7.16667
function@_ZN4TimeC2Ev,0,0,0,0,0,0,0,0,0,0,0
function@_ZN7UCTNodeC2Eii,0,0,0,0,0,1,0,0,0,0,1
function@_ZN7UCTNodeD2Ev,0,0,0,0,0,4,0,0,0,0,60.9999
function@_ZN7UCTNode9get_mutexEv,0,0,0,0,0,0,0,0,0,0,0
function@__clang_call_terminate,0,0,0,0,0,0,0,0,0,0,0
function@_ZNK7UCTNode11first_visitEv,0,0,0,0,0,0,0,0,0,0,0
function@_ZN7UCTNode10link_childEPS_,0,0,0,0,0,0,0,0,0,0,0
function@_ZN7UCTNode15create_childrenER9FastStateb,0,0,0,0,0,48,0,0,0,0,24.3345
function@_ZNK7UCTNode12has_childrenEv,0,0,0,0,0,0,0,0,0,0,0
function@_ZN7UCTNode10set_extendEi,0,0,0,0,0,0,0,0,0,0,0
function@_ZN7UCTNode13kill_superkosER7KoState,0,0,0,0,0,14,0,0,0,0,128.408
function@_ZNK7UCTNode8get_moveEv,0,0,0,0,0,0,0,0,0,0,0
function@_ZN7KoStateC2ERKS_,0,0,0,0,0,23,0,0,0,0,14.8663
function@_ZN7UCTNode12delete_childEPS_,0,0,0,0,0,5,0,0,0,0,13.2262
function@_ZN7KoStateD2Ev,0,0,0,0,0,1,0,0,0,0,1
function@_ZN7UCTNode8set_moveEi,0,0,0,0,0,0,0,0,0,0,0
function@_ZN7UCTNode6updateER7Playouti,0,0,0,0,0,6,0,0,0,0,4
function@_ZNK7UCTNode13get_blackwinsEv,0,0,0,0,0,0,0,0,0,0,0
function@_ZN7UCTNode10set_visitsEi,0,0,0,0,0,2,0,0,0,0,2
function@_ZN7UCTNode13set_blackwinsEi,0,0,0,0,0,2,0,0,0,0,2
function@_ZNK7UCTNode11get_winrateEi,0,0,0,0,0,0,0,0,0,0,0
function@_ZNK7UCTNode10get_visitsEv,0,0,0,0,0,0,0,0,0,0,0
function@_ZNK7UCTNode12get_raverateEv,0,0,0,0,0,0,0,0,0,0,0
function@_ZNK7UCTNode14get_ravevisitsEv,0,0,0,0,0,0,0,0,0,0,0
function@_ZNK7UCTNode9do_extendEv,0,0,0,0,0,0,0,0,0,0,0
function@_ZN7UCTNode16uct_select_childEi,0,0,0,0,0,3,0,0,0,0,0.981481
function@_ZN7UCTNode5validEv,0,0,0,0,0,0,0,0,0,0,0
function@_ZN7UCTNode13sort_childrenEi,1,0,0,1,0,38,0.624988,0,0.625,0,67.5615
function@_ZN7UCTNode15get_first_childEv,0,0,0,0,0,0,0,0,0,0,0
function@_ZN7UCTNode11get_siblingEv,0,0,0,0,0,0,0,0,0,0,0
function@_ZN7UCTNode14get_pass_childEv,0,0,0,0,0,2,0,0,0,0,0.653846
function@_ZN7UCTNode16get_nopass_childEv,0,0,0,0,0,2,0,0,0,0,0.653846
function@_ZN7UCTNode10invalidateEv,0,0,0,0,0,1,0,0,0,0,1
function@_ZN7UCTNode10updateRAVEER7Playouti,0,0,0,0,0,8,0,0,0,0,24
function@_ZSt13__stable_sortIN9__gnu_cxx17__normal_iteratorIPN5boost6tuples5tupleIiiP7UCTNodeNS3_9null_typeES7_S7_S7_S7_S7_S7_EESt6vectorIS8_SaIS8_EEEENS0_5__ops15_Iter_comp_iterI8NodeCompEEEvT_SI_T0_,0,0,0,0,0,41,0,0,0,0,27.2734
function@_ZSt21__inplace_stable_sortIN9__gnu_cxx17__normal_iteratorIPN5boost6tuples5tupleIiiP7UCTNodeNS3_9null_typeES7_S7_S7_S7_S7_S7_EESt6vectorIS8_SaIS8_EEEENS0_5__ops15_Iter_comp_iterI8NodeCompEEEvT_SI_T0_,0,0,0,0,0,14,0,0,0,0,8
function@_ZSt29__stable_sort_adaptive_resizeIN9__gnu_cxx17__normal_iteratorIPN5boost6tuples5tupleIiiP7UCTNodeNS3_9null_typeES7_S7_S7_S7_S7_S7_EESt6vectorIS8_SaIS8_EEEES9_lNS0_5__ops15_Iter_comp_iterI8NodeCompEEEvT_SI_T0_T1_T2_,0,0,0,0,0,37,0,0,0,0,20.5
function@_ZSt24__merge_sort_with_bufferIN9__gnu_cxx17__normal_iteratorIPN5boost6tuples5tupleIiiP7UCTNodeNS3_9null_typeES7_S7_S7_S7_S7_S7_EESt6vectorIS8_SaIS8_EEEES9_NS0_5__ops15_Iter_comp_iterI8NodeCompEEEvT_SI_T0_T1_,6,0,0,3,0,43,43.8125,0,1.5,0,990.531
function@_ZSt16__merge_adaptiveIN9__gnu_cxx17__normal_iteratorIPN5boost6tuples5tupleIiiP7UCTNodeNS3_9null_typeES7_S7_S7_S7_S7_S7_EESt6vectorIS8_SaIS8_EEEElS9_NS0_5__ops15_Iter_comp_iterI8NodeCompEEEvT_SI_SI_T0_SJ_T1_T2_,0,0,0,0,0,10,0,0,0,0,4.66667
function@_ZSt16__insertion_sortIN9__gnu_cxx17__normal_iteratorIPN5boost6tuples5tupleIiiP7UCTNodeNS3_9null_typeES7_S7_S7_S7_S7_S7_EESt6vectorIS8_SaIS8_EEEENS0_5__ops15_Iter_comp_iterI8NodeCompEEEvT_SI_T0_,0,0,0,0,0,14,0,0,0,0,233.85
function@_ZSt12__move_mergeIN9__gnu_cxx17__normal_iteratorIPN5boost6tuples5tupleIiiP7UCTNodeNS3_9null_typeES7_S7_S7_S7_S7_S7_EESt6vectorIS8_SaIS8_EEEES9_NS0_5__ops15_Iter_comp_iterI8NodeCompEEET0_T_SJ_SJ_SJ_SI_T1_,0,0,0,0,0,1,0,0,0,0,1
function@_ZSt12__move_mergeIPN5boost6tuples5tupleIiiP7UCTNodeNS1_9null_typeES5_S5_S5_S5_S5_S5_EEN9__gnu_cxx17__normal_iteratorIS7_St6vectorIS6_SaIS6_EEEENS8_5__ops15_Iter_comp_iterI8NodeCompEEET0_T_SJ_SJ_SJ_SI_T1_,0,0,0,0,0,4,0,0,0,0,2.25
function@_ZSt30__move_merge_adaptive_backwardIN9__gnu_cxx17__normal_iteratorIPN5boost6tuples5tupleIiiP7UCTNodeNS3_9null_typeES7_S7_S7_S7_S7_S7_EESt6vectorIS8_SaIS8_EEEES9_SD_NS0_5__ops15_Iter_comp_iterI8NodeCompEEEvT_SI_T0_SJ_T1_T2_,0,0,0,0,0,5,0,0,0,0,3.43075
function@_ZSt22__merge_without_bufferIN9__gnu_cxx17__normal_iteratorIPN5boost6tuples5tupleIiiP7UCTNodeNS3_9null_typeES7_S7_S7_S7_S7_S7_EESt6vectorIS8_SaIS8_EEEElNS0_5__ops15_Iter_comp_iterI8NodeCompEEEvT_SI_SI_T0_SJ_T1_,1,0,0,1,0,21,3.93643,0,1,0,262.482
function@_ZNSt3_V28__rotateIN9__gnu_cxx17__normal_iteratorIPN5boost6tuples5tupleIiiP7UCTNodeNS4_9null_typeES8_S8_S8_S8_S8_S8_EESt6vectorIS9_SaIS9_EEEEEET_SF_SF_SF_St26random_access_iterator_tag,0,0,0,0,0,7,0,0,0,0,10.95
function@_ZSt23__merge_adaptive_resizeIN9__gnu_cxx17__normal_iteratorIPN5boost6tuples5tupleIiiP7UCTNodeNS3_9null_typeES7_S7_S7_S7_S7_S7_EESt6vectorIS8_SaIS8_EEEElS9_NS0_5__ops15_Iter_comp_iterI8NodeCompEEEvT_SI_SI_T0_SJ_T1_SJ_T2_,6,0,0,4,0,35,58,0,18.5,0,643.75
function@_ZSt17__rotate_adaptiveIN9__gnu_cxx17__normal_iteratorIPN5boost6tuples5tupleIiiP7UCTNodeNS3_9null_typeES7_S7_S7_S7_S7_S7_EESt6vectorIS8_SaIS8_EEEES9_lET_SE_SE_SE_T1_SF_T0_SF_,0,0,0,0,0,9,0,0,0,0,1.47059
function@_ZN3SMP5MutexC2Ev,0,0,0,0,0,0,0,0,0,0,0
function@_ZN3SMP4LockC2ERNS_5MutexE,0,0,0,0,0,0,0,0,0,0,0
function@_ZN3SMP4LockD2Ev,0,0,0,0,0,0,0,0,0,0,0
function@_ZN12MCOwnerTable7get_MCOEv,0,0,0,0,0,7,0,0,0,0,1.5625
function@_ZN12MCOwnerTableC2Ev,0,0,0,0,0,5,0,0,0,0,1.5
function@_ZN12MCOwnerTable6updateERSt6bitsetILm441EE,0,0,0,0,0,3,0,0,0,0,3
function@_ZN12MCOwnerTable9get_scoreEii,0,0,0,0,0,0,0,0,0,0,0
function@_ZN12MCOwnerTable5clearEv,0,0,0,0,0,1,0,0,0,0,0.666667
function@_ZN12MCOwnerTable9is_primedEv,0,0,0,0,0,0,0,0,0,0,0
function@_ZNSt6vectorIiSaIiEE17_M_default_appendEm,0,0,0,0,0,9,0,0,0,0,3.40625
function@_ZNSt7__cxx1112basic_stringIcSt11char_traitsIcESaIcEEC2IS3_EEPKcRKS3_,0,0,0,0,0,9,0,0,0,0,6
function@__cxx_global_array_dtor,0,0,0,0,0,0,0,0,0,0,0
function@_ZN3GTP13get_life_listB5cxx11ER9GameStateb,13,0,0,5,0,56,345.456,0,93.7988,0,9552.32
function@_ZNSt6vectorINSt7__cxx1112basic_stringIcSt11char_traitsIcESaIcEEESaIS5_EED2Ev,0,0,0,0,0,2,0,0,0,0,1.61905
function@_ZN3GTP7executeER9GameStateNSt7__cxx1112basic_stringIcSt11char_traitsIcESaIcEEE,50,0,0,48,0,175,0.140116,0,0.694349,0,35.6442
function@_ZSteqIcSt11char_traitsIcESaIcEEbRKNSt7__cxx1112basic_stringIT_T0_T1_EEPKS5_,0,0,0,0,0,6,0,0,0,0,4.11905
function@_ZNSt8auto_ptrI9UCTSearchED2Ev,0,0,0,0,0,1,0,0,0,0,0.619048
function@_ZN9GameStateaSEOS_,0,0,0,0,0,7,0,0,0,0,6.33333
function@_ZN9GameStateD2Ev,0,0,0,0,0,2,0,0,0,0,1.61905
function@_ZNSt8auto_ptrI7SGFTreeED2Ev,0,0,0,0,0,3,0,0,0,0,13.5156
function@_ZN9FastStateaSEOS_,0,0,0,0,0,5,0,0,0,0,5
function@__clang_call_terminate,0,0,0,0,0,0,0,0,0,0,0
function@_ZSt16__introsort_loopIN9__gnu_cxx17__normal_iteratorIPNSt7__cxx1112basic_stringIcSt11char_traitsIcESaIcEEESt6vectorIS7_SaIS7_EEEElNS0_5__ops15_Iter_less_iterEEvT_SF_T0_T1_,3,0,0,3,0,17,23.619,0,8.87302,0,571.127
function@_ZSt11__make_heapIN9__gnu_cxx17__normal_iteratorIPNSt7__cxx1112basic_stringIcSt11char_traitsIcESaIcEEESt6vectorIS7_SaIS7_EEEENS0_5__ops15_Iter_less_iterEEvT_SF_RT0_,0,0,0,0,0,10,0,0,0,0,66.9981
function@_ZSt10__pop_heapIN9__gnu_cxx17__normal_iteratorIPNSt7__cxx1112basic_stringIcSt11char_traitsIcESaIcEEESt6vectorIS7_SaIS7_EEEENS0_5__ops15_Iter_less_iterEEvT_SF_SF_RT0_,0,0,0,0,0,15,0,0,0,0,8.87494
function@_ZSt13__adjust_heapIN9__gnu_cxx17__normal_iteratorIPNSt7__cxx1112basic_stringIcSt11char_traitsIcESaIcEEESt6vectorIS7_SaIS7_EEEElS7_NS0_5__ops15_Iter_less_iterEEvT_T0_SG_T1_T2_,6,0,0,3,0,20,3,0,3,0,47.4474
function@_ZSt11__push_heapIN9__gnu_cxx17__normal_iteratorIPNSt7__cxx1112basic_stringIcSt11char_traitsIcESaIcEEESt6vectorIS7_SaIS7_EEEElS7_NS0_5__ops14_Iter_less_valEEvT_T0_SG_T1_RT2_,0,0,0,0,0,19,0,0,0,0,36.2913
function@_ZSt22__move_median_to_firstIN9__gnu_cxx17__normal_iteratorIPNSt7__cxx1112basic_stringIcSt11char_traitsIcESaIcEEESt6vectorIS7_SaIS7_EEEENS0_5__ops15_Iter_less_iterEEvT_SF_SF_SF_T0_,0,0,0,0,0,16,0,0,0,0,5.95604
function@_ZSt16__insertion_sortIN9__gnu_cxx17__normal_iteratorIPNSt7__cxx1112basic_stringIcSt11char_traitsIcESaIcEEESt6vectorIS7_SaIS7_EEEENS0_5__ops15_Iter_less_iterEEvT_SF_T0_,1,0,0,1,0,15,4.6875,0,0.390625,0,83.799
function@_ZSt25__unguarded_linear_insertIN9__gnu_cxx17__normal_iteratorIPNSt7__cxx1112basic_stringIcSt11char_traitsIcESaIcEEESt6vectorIS7_SaIS7_EEEENS0_5__ops14_Val_less_iterEEvT_T0_,0,0,0,0,0,14,0,0,0,0,86.5506
function@_ZSt8__uniqueIN9__gnu_cxx17__normal_iteratorIPNSt7__cxx1112basic_stringIcSt11char_traitsIcESaIcEEESt6vectorIS7_SaIS7_EEEENS0_5__ops19_Iter_equal_to_iterEET_SF_SF_T0_,0,0,0,0,0,11,0,0,0,0,15.9753
function@_ZNSt6vectorINSt7__cxx1112basic_stringIcSt11char_traitsIcESaIcEEESaIS5_EE8_M_eraseEN9__gnu_cxx17__normal_iteratorIPS5_S7_EESB_,0,0,0,0,0,13,0,0,0,0,23.7152
function@_ZNSt8_Rb_treeINSt7__cxx1112basic_stringIcSt11char_traitsIcESaIcEEESt4pairIKS5_S5_ESt10_Select1stIS8_ESt4lessIS5_ESaIS8_EE8_M_eraseEPSt13_Rb_tree_nodeIS8_E,0,0,0,0,0,5,0,0,0,0,65.75
function@_ZSt8_DestroyI7SGFTreeEvPT_,0,0,0,0,0,3,0,0,0,0,21.625
function@_GLOBAL__sub_I_GTP.cpp,0,0,0,0,0,16,0,0,0,0,14
function@_ZN7Matcher11get_MatcherEv,0,0,0,0,0,6,0,0,0,0,1.75
function@_ZN7Matcher11set_MatcherEPS_,0,0,0,0,0,2,0,0,0,0,1.6
function@_ZN7MatcherC2Ev,0,0,0,0,0,33,0,0,0,0,2843.85
function@_ZNSt3mapIifSt4lessIiESaISt4pairIKifEEE6insertIRS2_IifEEENSt9enable_ifIXsr16is_constructibleIS4_T_EE5valueES2_ISt17_Rb_tree_iteratorIS4_EbEE4typeEOSB_,0,0,0,0,0,20,0,0,0,0,11.6387
function@_ZN7Matcher4clipEi,0,0,0,0,0,0,0,0,0,0,0
function@_ZNSt3mapIifSt4lessIiESaISt4pairIKifEEED2Ev,0,0,0,0,0,0,0,0,0,0,0
function@_ZN5boost5arrayISt6vectorIhSaIhEELm2EED2Ev,0,0,0,0,0,1,0,0,0,0,1
function@_ZN7Matcher7matchesEii,0,0,0,0,0,0,0,0,0,0,0
function@__clang_call_terminate,0,0,0,0,0,0,0,0,0,0,0
function@_ZNSt8_Rb_treeIiSt4pairIKifESt10_Select1stIS2_ESt4lessIiESaIS2_EE8_M_eraseEPSt13_Rb_tree_nodeIS2_E,0,0,0,0,0,5,0,0,0,0,65.75
function@_ZNSt6vectorIhSaIhEE17_M_default_appendEm,0,0,0,0,0,11,0,0,0,0,3.79687
function@_ZNSt8_Rb_treeIiSt4pairIKifESt10_Select1stIS2_ESt4lessIiESaIS2_EE29_M_get_insert_hint_unique_posESt23_Rb_tree_const_iteratorIS2_ERS1_,0,0,0,0,0,28,0,0,0,0,14.6787
function@_ZN7PlayoutC2Ev,0,0,0,0,0,0,0,0,0,0,0
function@_ZN7Playout9get_scoreEv,0,0,0,0,0,0,0,0,0,0,0
function@_ZN7Playout15set_final_scoreEf,0,0,0,0,0,0,0,0,0,0,0
function@_ZN7Playout3runER9FastStateb,1,0,0,1,0,32,1,0,1,0,5134.7
function@_ZN7Playout11passthroughEii,0,0,0,0,0,1,0,0,0,0,0.380952
function@_ZN7Playout20do_playout_benchmarkER9GameState,0,0,0,0,0,14,0,0,0,0,1479.23
function@_ZN7Playout8mc_ownerER9FastStatei,3,0,0,3,0,15,40.2217,0,1.875,0,123.414
function@main,0,0,0,0,0,62,0,0,0,0,3.13718
function@_ZN9GameStateC2Ev,0,0,0,0,0,4,0,0,0,0,1
function@_ZN9GameStateaSEOS_,0,0,0,0,0,7,0,0,0,0,6.33333
function@_ZN9GameStateD2Ev,0,0,0,0,0,2,0,0,0,0,1.61905
function@_ZNSt8auto_ptrI9UCTSearchED2Ev,0,0,0,0,0,1,0,0,0,0,0.619048
function@_ZNSt8auto_ptrI7SGFTreeED2Ev,0,0,0,0,0,3,0,0,0,0,13.5156
function@_ZNSt8auto_ptrI9GameStateED2Ev,0,0,0,0,0,2,0,0,0,0,1.2381
function@_ZNSt6vectorI7KoStateSaIS0_EED2Ev,0,0,0,0,0,2,0,0,0,0,1.61905
function@__clang_call_terminate,0,0,0,0,0,0,0,0,0,0,0
function@_ZN7KoStateD2Ev,0,0,0,0,0,1,0,0,0,0,1
function@_ZN9FastStateaSEOS_,0,0,0,0,0,5,0,0,0,0,5
function@_ZNSt8_Rb_treeINSt7__cxx1112basic_stringIcSt11char_traitsIcESaIcEEESt4pairIKS5_S5_ESt10_Select1stIS8_ESt4lessIS5_ESaIS8_EE8_M_eraseEPSt13_Rb_tree_nodeIS8_E,0,0,0,0,0,5,0,0,0,0,65.75
function@_ZSt8_DestroyI7SGFTreeEvPT_,0,0,0,0,0,3,0,0,0,0,21.625
function@_ZN9UCTSearchC2ER9GameState,0,0,0,0,0,4,0,0,0,0,4
function@_ZN9UCTSearch11set_runflagEPb,0,0,0,0,0,0,0,0,0,0,0
function@_ZN9UCTSearch15play_simulationER7KoStateP7UCTNode,0,0,0,0,0,50,0,0,0,0,23.834
function@_ZN9UCTSearch10dump_statsER9GameStateR7UCTNode,10,0,0,6,0,78,15.1914,0,1.5,0,103.039
function@_ZN9UCTSearch6get_pvB5cxx11ER9GameStateR7UCTNode,0,0,0,0,0,33,0,0,0,0,12.0417
function@_ZN9GameStateD2Ev,0,0,0,0,0,2,0,0,0,0,1.61905
function@_ZN9UCTSearch13get_best_moveEi,0,0,0,0,0,38,0,0,0,0,15.0288
function@_ZN9UCTSearch13dump_analysisEv,0,0,0,0,0,19,0,0,0,0,11.6226
function@_ZN9UCTSearch10is_runningEv,0,0,0,0,0,0,0,0,0,0,0
function@_ZN9UCTWorkerclEv,0,0,0,0,0,3,0,0,0,0,1.00006
function@_ZN7KoStateC2ERKS_,0,0,0,0,0,23,0,0,0,0,14.8663
function@_ZN7KoStateD2Ev,0,0,0,0,0,1,0,0,0,0,1
function@_ZN9UCTSearch9get_scoreEv,0,0,0,0,0,0,0,0,0,0,0
function@_ZN9UCTSearch5thinkEii,0,0,0,0,0,25,0,0,0,0,93.2583
function@_ZN9UCTSearch6ponderEv,0,0,0,0,0,9,0,0,0,0,44.863
function@_ZN9UCTSearch15set_visit_limitEi,0,0,0,0,0,0,0,0,0,0,0
function@_ZN9UCTSearch13set_analyzingEb,0,0,0,0,0,0,0,0,0,0,0
function@_ZN9UCTSearch9set_quietEb,0,0,0,0,0,0,0,0,0,0,0
function@__clang_call_terminate,0,0,0,0,0,0,0,0,0,0,0
function@_ZNSt20__uninitialized_copyILb0EE13__uninit_copyIN9__gnu_cxx17__normal_iteratorIPK7KoStateSt6vectorIS4_SaIS4_EEEEPS4_EET0_T_SD_SC_,0,0,0,0,0,7,0,0,0,0,4.62501
function@_ZN7KoState9init_gameEif,0,0,0,0,0,18,0,0,0,0,8.625
function@_ZN7KoState10legal_moveEi,0,0,0,0,0,20,0,0,0,0,8.69824
function@_ZN7KoStateC2ERKS_,0,0,0,0,0,23,0,0,0,0,14.8663
function@_ZN7KoState9play_moveEi,0,0,0,0,0,1,0,0,0,0,1
function@_ZN7KoState7superkoEv,0,0,0,0,0,2,0,0,0,0,0.635514
function@_ZN7KoStateD2Ev,0,0,0,0,0,1,0,0,0,0,1
function@_ZN7KoState7superkoEy,0,0,0,0,0,3,0,0,0,0,0.738318
function@_ZN7KoState10reset_gameEv,0,0,0,0,0,18,0,0,0,0,8.625
function@_ZN7KoState9play_passEv,0,0,0,0,0,14,0,0,0,0,4.625
function@_ZN7KoState9play_moveEii,0,0,0,0,0,15,0,0,0,0,3.3125
function@_ZN5Utils17input_causes_stopEv,0,0,0,0,0,2,0,0,0,0,2
function@_ZN5Utils8myprintfEPKcz,0,0,0,0,0,2,0,0,0,0,2
function@_ZN5Utils10gtp_printfEiPKcz,0,0,0,0,0,5,0,0,0,0,4.25
function@_ZN5Utils15gtp_fail_printfEiPKcz,0,0,0,0,0,5,0,0,0,0,4.25
function@_ZN6Random7get_RngEv,0,0,0,0,0,0,0,0,0,0,0
function@_ZN6RandomC2Ei,0,0,0,0,0,0,0,0,0,0,0
function@_ZN6Random10seedrandomEj,0,0,0,0,0,0,0,0,0,0,0
function@_ZN6Random7randintEt,0,0,0,0,0,2,0,0,0,0,2
function@_ZN6Random6randomEv,0,0,0,0,0,2,0,0,0,0,2
function@_ZN9FastBoard13get_boardsizeEv,0,0,0,0,0,0,0,0,0,0,0
function@_ZN9FastBoard10get_vertexEii,0,0,0,0,0,0,0,0,0,0,0
function@_ZN9FastBoard10get_squareEi,0,0,0,0,0,0,0,0,0,0,0
function@_ZN9FastBoard10set_squareEiNS_8square_tE,0,0,0,0,0,0,0,0,0,0,0
function@_ZN9FastBoard10get_squareEii,0,0,0,0,0,0,0,0,0,0,0
function@_ZN9FastBoard10set_squareEiiNS_8square_tE,0,0,0,0,0,0,0,0,0,0,0
function@_ZN9FastBoard11reset_boardEi,0,0,0,0,0,20,0,0,0,0,296.92
function@_ZN9FastBoard10is_suicideEii,0,0,0,0,0,18,0,0,0,0,4.10989
function@_ZN9FastBoard16count_plibertiesEi,0,0,0,0,0,0,0,0,0,0,0
function@_ZN9FastBoard13add_neighbourEii,0,0,0,0,0,1,0,0,0,0,0.25
function@_ZN9FastBoard16remove_neighbourEii,0,0,0,0,0,1,0,0,0,0,0.25
function@_ZN9FastBoard16count_neighboursEii,0,0,0,0,0,0,0,0,0,0,0
function@_ZN9FastBoard15fast_ss_suicideEii,0,0,0,0,0,4,0,0,0,0,0.921569
function@_ZN9FastBoard18remove_string_fastEi,2,0,0,2,0,9,63.75,0,2,0,101.625
function@_ZN9FastBoard16calc_reach_colorEi,1,0,0,1,0,32,0.624999,0,0.625,0,339.448
function@_ZNSt6vectorIbSaIbEEaSERKS1_,0,0,0,0,0,11,0,0,0,0,5.81677
function@_ZN9FastBoard21percentual_area_scoreEf,0,0,0,0,0,2,0,0,0,0,2
function@_ZN9FastBoard10area_scoreEf,0,0,0,0,0,11,0,0,0,0,45.625
function@_ZN9FastBoard17estimate_mc_scoreEf,0,0,0,0,0,0,0,0,0,0,0
function@_ZN9FastBoard14final_mc_scoreEf,0,0,0,0,0,0,0,0,0,0,0
function@_ZN9FastBoard11remove_deadEv,0,0,0,0,0,18,0,0,0,0,1020.18
function@_ZN9FastBoard9influenceEv,0,0,0,0,0,5,0,0,0,0,2
function@_ZN9FastBoard9run_bouzyEii,0,0,0,0,0,38,0,0,0,0,645.681
function@_ZN9FastBoard4moyoEv,0,0,0,0,0,5,0,0,0,0,2
function@_ZN9FastBoard4areaEv,0,0,0,0,0,5,0,0,0,0,2
function@_ZNSt6vectorIiSaIiEEaSERKS1_,0,0,0,0,0,14,0,0,0,0,5.53717
function@_ZN9FastBoard11display_mapESt6vectorIiSaIiEE,0,0,0,0,0,5,0,0,0,0,175.917
function@_ZN9FastBoard4evalEf,0,0,0,0,0,13,0,0,0,0,55.8594
function@_ZN9FastBoard13display_boardEi,13,0,0,10,0,14,132.4,0,33.675,0,69.15
function@_ZN9FastBoard9starpointEiii,0,0,0,0,0,2,0,0,0,0,2
function@_ZN9FastBoard17display_libertiesEi,26,0,0,21,0,30,550.875,0,62.075,0,749.275
function@_ZN9FastBoard13merge_stringsEii,0,0,0,0,0,1,0,0,0,0,1
function@_ZN9FastBoard16update_board_eyeEii,0,0,0,0,0,10,0,0,0,0,127
function@_ZN9FastBoard17update_board_fastEii,77,0,0,23,0,57,31.8842,0,3.15689,0,35.5499
function@_ZN9FastBoard6is_eyeEii,0,0,0,0,0,3,0,0,0,0,0.736328
function@_ZN9FastBoard17predict_solid_eyeEiii,0,0,0,0,0,8,0,0,0,0,0.993408
function@_ZN9FastBoard11no_eye_fillEi,0,0,0,0,0,3,0,0,0,0,0.736328
function@_ZN9FastBoard12move_to_textB5cxx11Ei,0,0,0,0,0,11,0,0,0,0,5.5
function@_ZN9FastBoard16move_to_text_sgfB5cxx11Ei,0,0,0,0,0,10,0,0,0,0,5
function@_ZN9FastBoard9starpointEii,0,0,0,0,0,2,0,0,0,0,2
function@_ZN9FastBoard13get_prisonersEi,0,0,0,0,0,0,0,0,0,0,0
function@_ZN9FastBoard13black_to_moveEv,0,0,0,0,0,0,0,0,0,0,0
function@_ZN9FastBoard11get_to_moveEv,0,0,0,0,0,0,0,0,0,0,0
function@_ZN9FastBoard11get_groupidEi,0,0,0,0,0,0,0,0,0,0,0
function@_ZN9FastBoard17get_string_stonesEi,0,0,0,0,0,18,0,0,0,0,59.374
function@_ZN9FastBoard10get_stringB5cxx11Ei,4,0,0,1,0,18,0.000153519,0,1,0,176.974
function@_ZN9FastBoard13fast_in_atariEi,0,0,0,0,0,0,0,0,0,0,0
function@_ZN9FastBoard8in_atariEi,0,0,0,0,0,3,0,0,0,0,1.12903
function@_ZN9FastBoard15kill_neighboursEiRN5boost5arrayIiLm24EEERi,0,0,0,0,0,14,0,0,0,0,52.1498
function@_ZN9FastBoard11saving_sizeEii,0,0,0,0,0,21,0,0,0,0,5.26978
function@_ZN9FastBoard10self_atariEii,0,0,0,0,0,26,0,0,0,0,3.99878
function@_ZN9FastBoard11string_sizeEi,0,0,0,0,0,0,0,0,0,0,0
function@_ZN9FastBoard24save_critical_neighboursEiiRN5boost5arrayIiLm24EEERi,12,0,0,9,0,30,59.8749,0,9.37499,0,96.6737
function@_ZN9FastBoard7get_dirEi,0,0,0,0,0,0,0,0,0,0,0
function@_ZN9FastBoard13get_extra_dirEi,0,0,0,0,0,0,0,0,0,0,0
function@_ZN9FastBoard15kill_or_connectEii,0,0,0,0,0,1,0,0,0,0,0.0625
function@_ZN9FastBoard20add_string_libertiesILi3EEEviRN5boost5arrayIiXT_EEERi,0,0,0,0,0,9,0,0,0,0,31.75
function@_ZN9FastBoard16get_pattern_fastEi,0,0,0,0,0,0,0,0,0,0,0
function@_ZN9FastBoard24get_pattern_fast_augmentEi,0,0,0,0,0,0,0,0,0,0,0
function@_ZN9FastBoard12get_pattern3Eib,4,0,0,4,0,0,4,0,4,0,0
function@_ZN9FastBoard20get_pattern3_augmentEib,0,0,0,0,0,19,0,0,0,0,7.25806
function@_ZN9FastBoard25get_pattern3_augment_specEiib,12,0,0,12,0,2,12,0,12,0,2
function@_ZN9FastBoard12get_pattern4Eib,0,0,0,0,0,4,0,0,0,0,4
function@_ZN9FastBoard12get_pattern5Eibb,36,0,0,37,0,8,35.5,0,35.5,0,7.5
function@_ZN9FastBoard17add_pattern_movesEiiRN5boost5arrayIiLm24EEERi,0,0,0,0,0,29,0,0,0,0,17
function@_ZN9FastBoard19add_global_capturesEiRN5boost5arrayIiLm24EEERi,0,0,0,0,0,1,0,0,0,0,0.6
function@_ZN9FastBoard11try_captureEiiRN5boost5arrayIiLm24EEERi,0,0,0,0,0,0,0,0,0,0,0
function@_ZN9FastBoard12capture_sizeEii,0,0,0,0,0,3,0,0,0,0,0.561983
function@_ZN9FastBoard14get_stone_listB5cxx11Ev,1,0,0,1,0,18,0.000953156,0,1,0,890.75
function@_ZN9FastBoard6get_xyEi,0,0,0,0,0,0,0,0,0,0,0
function@_ZN9FastBoard18minimum_elib_countEii,0,0,0,0,0,1,0,0,0,0,0.5
function@_ZN9FastBoard15nbr_criticalityEii,0,0,0,0,0,0,0,0,0,0,0
function@_ZN9FastBoard16count_rlibertiesEi,0,0,0,0,0,0,0,0,0,0,0
function@_ZN9FastBoard19check_losing_ladderEiii,5,0,0,4,0,45,0.366823,0,1.24961,0,12.3767
function@_ZN9FastBoard20add_string_libertiesILi2EEEviRN5boost5arrayIiXT_EEERi,0,0,0,0,0,9,0,0,0,0,31.75
function@_ZN9FastBoard18merged_string_sizeEii,0,0,0,0,0,9,0,0,0,0,2.46875
function@_ZN9FastBoard17get_neighbour_idsEi,4,0,0,4,0,45,0.93849,0,0.938491,0,12.7972
function@_ZN9FastBoard16predict_is_aliveEii,15,0,0,5,0,14,101.429,0,5,0,15.8095
function@_ZN9FastBoard9get_emptyEv,0,0,0,0,0,0,0,0,0,0,0
function@_ZN9FastBoard13augment_chainERSt6vectorIiSaIiEEi,26,0,0,7,0,30,345.166,0,3.33887,0,81.3503
function@_ZN9FastBoard20get_augmented_stringEi,0,0,0,0,0,16,0,0,0,0,77.98
function@_ZN9FastBoard16dilate_libertiesERSt6vectorIiSaIiEE,12,0,0,3,0,33,44.9982,0,1.875,0,57.123
function@_ZN9FastBoard18get_nearby_enemiesERSt6vectorIiSaIiEE,8,0,0,7,0,35,260.586,0,82.4882,0,274.386
function@_ZN9FastBoard12predict_killEii,0,0,0,0,0,3,0,0,0,0,0.821782
function@_ZNSt11__copy_moveILb0ELb0ESt26random_access_iterator_tagE8__copy_mIPiSt20back_insert_iteratorISt6vectorIiSaIiEEEEET0_T_SA_S9_,0,0,0,0,0,9,0,0,0,0,29.2497
function@_ZSt16__introsort_loopIN9__gnu_cxx17__normal_iteratorIPiSt6vectorIiSaIiEEEElNS0_5__ops15_Iter_less_iterEEvT_S9_T0_T1_,0,0,0,0,0,18,0,0,0,0,277.871
function@_ZSt22__final_insertion_sortIN9__gnu_cxx17__normal_iteratorIPiSt6vectorIiSaIiEEEENS0_5__ops15_Iter_less_iterEEvT_S9_T0_,0,0,0,0,0,21,0,0,0,0,91.7469
function@_ZSt13__heap_selectIN9__gnu_cxx17__normal_iteratorIPiSt6vectorIiSaIiEEEENS0_5__ops15_Iter_less_iterEEvT_S9_S9_T0_,0,0,0,0,0,12,0,0,0,0,182.595
function@_ZSt11__make_heapIN9__gnu_cxx17__normal_iteratorIPiSt6vectorIiSaIiEEEENS0_5__ops15_Iter_less_iterEEvT_S9_RT0_,0,0,0,0,0,16,0,0,0,0,403.375
function@_ZN9GameState9init_gameEif,0,0,0,0,0,10,0,0,0,0,7.625
function@_ZN9GameState10reset_gameEv,0,0,0,0,0,9,0,0,0,0,6.625
function@_ZN9GameState12forward_moveEv,0,0,0,0,0,3,0,0,0,0,2
function@_ZN9GameState9undo_moveEv,0,0,0,0,0,3,0,0,0,0,2.33333
function@_ZN9GameState6rewindEv,0,0,0,0,0,3,0,0,0,0,3
function@_ZN9GameState9play_moveEi,0,0,0,0,0,1,0,0,0,0,1
function@_ZN9GameState9play_moveEii,0,0,0,0,0,13,0,0,0,0,6.60784
function@_ZN9GameState9play_passEv,0,0,0,0,0,4,0,0,0,0,4
function@_ZN9GameState13play_textmoveENSt7__cxx1112basic_stringIcSt11char_traitsIcESaIcEEES5_,0,0,0,0,0,32,0,0,0,0,9.08512
function@_ZN9GameState10stop_clockEi,0,0,0,0,0,0,0,0,0,0,0
function@_ZN9GameState11start_clockEi,0,0,0,0,0,0,0,0,0,0,0
function@_ZN9GameState13display_stateEv,0,0,0,0,0,2,0,0,0,0,2
function@_ZN9GameState15get_timecontrolEv,0,0,0,0,0,0,0,0,0,0,0
function@_ZN9GameState15set_timecontrolEiii,0,0,0,0,0,9,0,0,0,0,9
function@_ZN9GameState15set_timecontrolE11TimeControl,0,0,0,0,0,0,0,0,0,0,0
function@_ZN9GameState11adjust_timeEiii,0,0,0,0,0,0,0,0,0,0,0
function@_ZN9GameState19anchor_game_historyEv,0,0,0,0,0,6,0,0,0,0,3.61905
function@_ZN9GameState18set_fixed_handicapEi,0,0,0,0,0,55,0,0,0,0,10.0527
function@_ZN9GameState14valid_handicapEi,0,0,0,0,0,2,0,0,0,0,1.5
function@_ZN9GameState19place_free_handicapEi,0,0,0,0,0,21,0,0,0,0,149.987
function@_ZNSt8auto_ptrI9UCTSearchED2Ev,0,0,0,0,0,1,0,0,0,0,0.619048
function@_ZN9FastStateaSERKS_,0,0,0,0,0,5,0,0,0,0,5
function@_ZNSt6vectorIySaIyEEaSERKS1_,0,0,0,0,0,14,0,0,0,0,5.53717
function@_ZNSt6vectorIiSaIiEEaSERKS1_,0,0,0,0,0,14,0,0,0,0,5.53717
function@__clang_call_terminate,0,0,0,0,0,0,0,0,0,0,0
function@_ZNSt6vectorI7KoStateSaIS0_EE17_M_realloc_insertIJRKS0_EEEvN9__gnu_cxx17__normal_iteratorIPS0_S2_EEDpOT_,1,0,0,1,0,17,0.624999,0,0.624999,0,87.8748
function@_ZN7KoStateC2ERKS_,0,0,0,0,0,23,0,0,0,0,14.8663
function@_ZNSt6vectorI7KoStateSaIS0_EE17_M_default_appendEm,2,0,0,2,0,11,0.624999,0,0.624999,0,16.0234
function@_ZN9FastState9init_gameEif,0,0,0,0,0,3,0,0,0,0,3
function@_ZN9FastState8set_komiEf,0,0,0,0,0,0,0,0,0,0,0
function@_ZN9FastState10reset_gameEv,0,0,0,0,0,4,0,0,0,0,4
function@_ZN9FastState11reset_boardEv,0,0,0,0,0,4,0,0,0,0,4
function@_ZN9FastState16play_random_moveEv,0,0,0,0,0,0,0,0,0,0,0
function@_ZN9FastState16play_random_moveEi,0,0,0,0,0,102,0,0,0,0,40.6756
function@_ZN9FastState14generate_movesEi,0,0,0,0,0,31,0,0,0,0,82.0687
function@_ZN9FastState8try_moveEiib,0,0,0,0,0,13,0,0,0,0,6.81525
function@_ZN9FastState15walk_empty_listEiib,0,0,0,0,0,51,0,0,0,0,68.8284
function@_ZN9FastState14play_move_fastEi,0,0,0,0,0,5,0,0,0,0,4.2381
function@_ZN9FastState16increment_passesEv,0,0,0,0,0,0,0,0,0,0,0
function@_ZN9FastState10set_passesEi,0,0,0,0,0,0,0,0,0,0,0
function@_ZN9FastState9play_passEv,0,0,0,0,0,0,0,0,0,0,0
function@_ZN9FastState10get_passesEv,0,0,0,0,0,0,0,0,0,0,0
function@_ZN9FastState9play_moveEi,0,0,0,0,0,1,0,0,0,0,1
function@_ZN9FastState9play_moveEii,0,0,0,0,0,6,0,0,0,0,4.45161
function@_ZN9FastState11get_movenumEv,0,0,0,0,0,0,0,0,0,0,0
function@_ZN9FastState17estimate_mc_scoreEv,0,0,0,0,0,0,0,0,0,0,0
function@_ZN9FastState18calculate_mc_scoreEv,0,0,0,0,0,0,0,0,0,0,0
function@_ZN9FastState21percentual_area_scoreEv,0,0,0,0,0,0,0,0,0,0,0
function@_ZN9FastState13get_last_moveEv,0,0,0,0,0,0,0,0,0,0,0
function@_ZN9FastState17get_prevlast_moveEv,0,0,0,0,0,0,0,0,0,0,0
function@_ZN9FastState11get_to_moveEv,0,0,0,0,0,0,0,0,0,0,0
function@_ZN9FastState11set_to_moveEi,0,0,0,0,0,0,0,0,0,0,0
function@_ZN9FastState13display_stateEv,0,0,0,0,0,8,0,0,0,0,8
function@_ZN9FastState12move_to_textB5cxx11Ei,0,0,0,0,0,0,0,0,0,0,0
function@_ZN9FastState9mark_deadEv,4,0,0,4,0,50,85.4388,0,4,0,251368
function@_ZN9FastState15final_score_mapEv,0,0,0,0,0,33,0,0,0,0,5084.21
function@_ZN9FastState11final_scoreEv,0,0,0,0,0,21,0,0,0,0,2914.32
function@_ZN9FastState8get_komiEv,0,0,0,0,0,0,0,0,0,0,0
function@_ZN9FastState12get_handicapEv,0,0,0,0,0,0,0,0,0,0,0
function@_ZN9FastState12set_handicapEi,0,0,0,0,0,0,0,0,0,0,0
function@_ZN9FastState10get_komoveEv,0,0,0,0,0,0,0,0,0,0,0
function@_ZNSt6vectorIiSaIiEE17_M_default_appendEm,0,0,0,0,0,9,0,0,0,0,3.40625
function@_ZN9FullBoard13remove_stringEi,6,0,0,6,0,6,191.25,0,6,0,67.75
function@_ZN9FullBoard12calc_ko_hashEv,0,0,0,0,0,1,0,0,0,0,1
function@_ZN9FullBoard9calc_hashEv,0,0,0,0,0,1,0,0,0,0,1
function@_ZN9FullBoard8get_hashEv,0,0,0,0,0,0,0,0,0,0,0
function@_ZN9FullBoard11get_ko_hashEv,0,0,0,0,0,0,0,0,0,0,0
function@_ZN9FullBoard12update_boardEii,86,0,0,15,0,59,132.772,0,13.3622,0,64.4252
function@_ZN9FullBoard13display_boardEi,0,0,0,0,0,2,0,0,0,0,2
function@_ZN9FullBoard11reset_boardEi,0,0,0,0,0,3,0,0,0,0,2.61905
function@_ZN9FullBoard15predict_ko_hashEii,0,0,0,0,0,14,0,0,0,0,6.61765
function@_ZN6TTable6get_TTEv,0,0,0,0,0,7,0,0,0,0,1.5625
function@_ZN6TTableC2Ei,0,0,0,0,0,6,0,0,0,0,2.5
function@_ZN6TTable6updateEyPK7UCTNode,0,0,0,0,0,7,0,0,0,0,5
function@_ZN6TTable4syncEyP7UCTNode,0,0,0,0,0,8,0,0,0,0,4
function@_ZN7TTEntryC2Ev,0,0,0,0,0,0,0,0,0,0,0
function@_ZNSt6vectorI7TTEntrySaIS0_EE17_M_default_appendEm,0,0,0,0,0,10,0,0,0,0,3.83594
function@_ZN7Zobrist12init_zobristER6Random,0,0,0,0,0,40,0,0,0,0,595.75
function@_ZN7SGFTreeC2Ev,0,0,0,0,0,0,0,0,0,0,0
function@_ZN7SGFTree9get_stateEv,0,0,0,0,0,0,0,0,0,0,0
function@_ZN7SGFTree9get_childEj,0,0,0,0,0,0,0,0,0,0,0
function@_ZN7SGFTree12get_mainlineEj,0,0,0,0,0,21,0,0,0,0,98.4974
function@_ZN7SGFTree8get_moveEi,4,0,0,2,0,22,1.25,0,1.25,0,19.6868
function@_ZN9GameStateD2Ev,0,0,0,0,0,2,0,0,0,0,1.61905
function@_ZN7SGFTree23get_state_from_mainlineEj,0,0,0,0,0,2,0,0,0,0,16.625
function@_ZN7SGFTree20count_mainline_movesEv,0,0,0,0,0,1,0,0,0,0,1
function@_ZN7SGFTree16load_from_stringENSt7__cxx1112basic_stringIcSt11char_traitsIcESaIcEEE,0,0,0,0,0,6,0,0,0,0,4
function@_ZN7SGFTree15populate_statesEv,19,0,0,3,0,106,8.85896,0,3,0,750.606
function@_ZN7SGFTree14load_from_fileENSt7__cxx1112basic_stringIcSt11char_traitsIcESaIcEEEi,0,0,0,0,0,16,0,0,0,0,7.66667
function@_ZN7SGFTree16string_to_vertexENSt7__cxx1112basic_stringIcSt11char_traitsIcESaIcEEE,0,0,0,0,0,5,0,0,0,0,3.75781
function@_ZN7SGFTree10apply_moveEii,0,0,0,0,0,8,0,0,0,0,7.25
function@_ZN7SGFTree9set_stateER7KoState,0,0,0,0,0,4,0,0,0,0,4
function@_ZN7SGFTree10apply_moveEi,0,0,0,0,0,9,0,0,0,0,8.25
function@_ZN7SGFTree12add_propertyENSt7__cxx1112basic_stringIcSt11char_traitsIcESaIcEEES5_,0,0,0,0,0,3,0,0,0,0,1
function@_ZNSt4pairINSt7__cxx1112basic_stringIcSt11char_traitsIcESaIcEEES5_ED2Ev,0,0,0,0,0,1,0,0,0,0,1
function@_ZN7SGFTree9add_childES_,0,0,0,0,0,7,0,0,0,0,4.375
function@__clang_call_terminate,0,0,0,0,0,0,0,0,0,0,0
function@_ZNSt6vectorI7KoStateSaIS0_EED2Ev,0,0,0,0,0,2,0,0,0,0,1.61905
function@_ZN7KoStateD2Ev,0,0,0,0,0,1,0,0,0,0,1
function@_ZN9FastStateaSERKS_,0,0,0,0,0,5,0,0,0,0,5
function@_ZNSt6vectorIySaIyEEaSERKS1_,0,0,0,0,0,14,0,0,0,0,5.53717
function@_ZNSt6vectorIiSaIiEEaSERKS1_,0,0,0,0,0,14,0,0,0,0,5.53717
function@_ZNSt4pairINSt7__cxx1112basic_stringIcSt11char_traitsIcESaIcEEES5_EC2IRS5_S8_Lb1EEEOT_OT0_,0,0,0,0,0,15,0,0,0,0,7.16667
function@_ZNSt8_Rb_treeINSt7__cxx1112basic_stringIcSt11char_traitsIcESaIcEEESt4pairIKS5_S5_ESt10_Select1stIS8_ESt4lessIS5_ESaIS8_EE11equal_rangeERS7_,0,0,0,0,0,12,0,0,0,0,52.5941
function@_ZNSt8_Rb_treeINSt7__cxx1112basic_stringIcSt11char_traitsIcESaIcEEESt4pairIKS5_S5_ESt10_Select1stIS8_ESt4lessIS5_ESaIS8_EE16_M_emplace_equalIJS6_IS5_S5_EEEESt17_Rb_tree_iteratorIS8_EDpOT_,3,0,0,2,0,18,1.23529,0,1.23529,0,55.2353
function@_ZSt19__relocate_object_aI7SGFTreeS0_SaIS0_EEvPT_PT0_RT1_,0,0,0,0,0,9,0,0,0,0,26
function@_ZNSt6vectorI7SGFTreeSaIS0_EED2Ev,0,0,0,0,0,3,0,0,0,0,21.9048
function@_ZNSt8_Rb_treeINSt7__cxx1112basic_stringIcSt11char_traitsIcESaIcEEESt4pairIKS5_S5_ESt10_Select1stIS8_ESt4lessIS5_ESaIS8_EE8_M_eraseEPSt13_Rb_tree_nodeIS8_E,0,0,0,0,0,5,0,0,0,0,65.75
function@_ZSt8_DestroyI7SGFTreeEvPT_,0,0,0,0,0,3,0,0,0,0,21.625
function@_ZNSt6vectorI7SGFTreeSaIS0_EE17_M_realloc_insertIJRKS0_EEEvN9__gnu_cxx17__normal_iteratorIPS0_S2_EEDpOT_,0,0,0,0,0,19,0,0,0,0,127.875
function@_ZN7SGFTreeC2ERKS_,0,0,0,0,0,17,0,0,0,0,46.2376
function@_ZN7KoStateC2ERKS_,0,0,0,0,0,23,0,0,0,0,14.8663
function@_ZSt16__do_uninit_copyIN9__gnu_cxx17__normal_iteratorIPK7SGFTreeSt6vectorIS2_SaIS2_EEEEPS2_ET0_T_SB_SA_,0,0,0,0,0,27,0,0,0,0,4157.43
function@_ZNSt8_Rb_treeINSt7__cxx1112basic_stringIcSt11char_traitsIcESaIcEEESt4pairIKS5_S5_ESt10_Select1stIS8_ESt4lessIS5_ESaIS8_EE7_M_copyILb0ENSE_11_Alloc_nodeEEEPSt13_Rb_tree_nodeIS8_ESJ_PSt18_Rb_tree_node_baseRT0_,0,0,0,0,0,27,0,0,0,0,86.9939
function@_ZNSt4pairIKNSt7__cxx1112basic_stringIcSt11char_traitsIcESaIcEEES5_EC2ERKS7_,0,0,0,0,0,15,0,0,0,0,7.16667
